kolom_1,pdf_1,omschrijving_1,kolom_2,pdf_2,omschrijving_2,kolom_3,pdf_3,omschrijving_3,kolom_4,pdf_4,omschrijving_4,kolom_5,pdf_5,omschrijving_5,kolom_6,pdf_6,omschrijving_6,kolom_7,pdf_7,omschrijving_7,kolom_8,pdf_8,omschrijving_8,kolom_9,pdf_9,omschrijving_9,kolom_10,pdf_10,omschrijving_10,kolom_11,pdf_11,omschrijving_11,kolom_12,pdf_12,omschrijving_12,kolom_13,pdf_13,omschrijving_13,kolom_14,pdf_14,omschrijving_14,kolom_15,pdf_15,omschrijving_15
.,rol nummer,rol_601,.,rol nummer,rol_602,.,rol nummer,rol_603,.,rol nummer,rol_604,.,rol nummer,rol_605,.,rol nummer,rol_606,.,rol nummer,rol_607,.,rol nummer,rol_608,.,rol nummer,rol_609,.,rol nummer,rol_610,.,rol nummer,rol_611,.,rol nummer,rol_612,.,rol nummer,rol_613,.,rol nummer,rol_614,.,rol nummer,rol_615
.,begin nummer,RE1701469,.,begin nummer,RE1976896,.,begin nummer,RE1634442,.,begin nummer,RE1735633,.,begin nummer,RE1856812,.,begin nummer,RE1397558,.,begin nummer,RE1367752,.,begin nummer,RE1676491,.,begin nummer,RE1124647,.,begin nummer,RE1668087,.,begin nummer,RE1556254,.,begin nummer,RE1716914,.,begin nummer,RE1341991,.,begin nummer,RE1829603,.,begin nummer,RE1114061
.,eind nummer,RE1775788,.,eind nummer,RE1326393,.,eind nummer,RE1198058,.,eind nummer,RE1121609,.,eind nummer,RE1176422,.,eind nummer,RE1110469,.,eind nummer,RE1739906,.,eind nummer,RE1473993,.,eind nummer,RE1234344,.,eind nummer,RE1920724,.,eind nummer,RE1546061,.,eind nummer,RE1742257,.,eind nummer,RE1109628,.,eind nummer,RE1625791,.,eind nummer,RE1560164
.,rol nummer,rol_616,.,rol nummer,rol_617,.,rol nummer,rol_618,.,rol nummer,rol_619,.,rol nummer,rol_620,.,rol nummer,rol_621,.,rol nummer,rol_622,.,rol nummer,rol_623,.,rol nummer,rol_624,.,rol nummer,rol_625,.,rol nummer,rol_626,.,rol nummer,rol_627,.,rol nummer,rol_628,.,rol nummer,rol_629,.,rol nummer,rol_630
.,begin nummer,RE1749047,.,begin nummer,RE1548970,.,begin nummer,RE1434345,.,begin nummer,RE1595915,.,begin nummer,RE1836709,.,begin nummer,RE1205838,.,begin nummer,RE1285252,.,begin nummer,RE1445793,.,begin nummer,RE1446862,.,begin nummer,RE1316008,.,begin nummer,RE1499511,.,begin nummer,RE1174817,.,begin nummer,RE1758673,.,begin nummer,RE1891902,.,begin nummer,RE1819289
.,eind nummer,RE1145751,.,eind nummer,RE1839216,.,eind nummer,RE1427062,.,eind nummer,RE1693121,.,eind nummer,RE1733785,.,eind nummer,RE1361194,.,eind nummer,RE1094906,.,eind nummer,RE1438461,.,eind nummer,RE1211418,.,eind nummer,RE1094885,.,eind nummer,RE1818016,.,eind nummer,RE1657056,.,eind nummer,RE1200721,.,eind nummer,RE1316353,.,eind nummer,RE1346735
.,rol nummer,rol_631,.,rol nummer,rol_632,.,rol nummer,rol_633,.,rol nummer,rol_634,.,rol nummer,rol_635,.,rol nummer,rol_636,.,rol nummer,rol_637,.,rol nummer,rol_638,.,rol nummer,rol_639,.,rol nummer,rol_640,.,rol nummer,rol_641,.,rol nummer,rol_642,.,rol nummer,rol_643,.,rol nummer,rol_644,.,rol nummer,rol_645
.,begin nummer,RE1912590,.,begin nummer,RE1827174,.,begin nummer,RE1622153,.,begin nummer,RE1384622,.,begin nummer,RE1470047,.,begin nummer,RE1745918,.,begin nummer,RE1510454,.,begin nummer,RE1980945,.,begin nummer,RE1229116,.,begin nummer,RE1665874,.,begin nummer,RE1725666,.,begin nummer,RE1377966,.,begin nummer,RE1859078,.,begin nummer,RE1891646,.,begin nummer,RE1526306
.,eind nummer,RE1595539,.,eind nummer,RE1313506,.,eind nummer,RE1195565,.,eind nummer,RE1219306,.,eind nummer,RE1835416,.,eind nummer,RE1156562,.,eind nummer,RE1909663,.,eind nummer,RE1198923,.,eind nummer,RE1183660,.,eind nummer,RE1414920,.,eind nummer,RE1984054,.,eind nummer,RE1785307,.,eind nummer,RE1303571,.,eind nummer,RE1903462,.,eind nummer,RE1799383
.,rol nummer,rol_646,.,rol nummer,rol_647,.,rol nummer,rol_648,.,rol nummer,rol_649,.,rol nummer,rol_650,.,rol nummer,rol_651,.,rol nummer,rol_652,.,rol nummer,rol_653,.,rol nummer,rol_654,.,rol nummer,rol_655,.,rol nummer,rol_656,.,rol nummer,rol_657,.,rol nummer,rol_658,.,rol nummer,rol_659,.,rol nummer,rol_660
.,begin nummer,RE1148582,.,begin nummer,RE1659599,.,begin nummer,RE1836442,.,begin nummer,RE1892875,.,begin nummer,RE1600472,.,begin nummer,RE1894444,.,begin nummer,RE1622671,.,begin nummer,RE1674540,.,begin nummer,RE1835843,.,begin nummer,RE1441725,.,begin nummer,RE1145205,.,begin nummer,RE1339056,.,begin nummer,RE1385177,.,begin nummer,RE1197889,.,begin nummer,RE1229810
.,eind nummer,RE1161695,.,eind nummer,RE1946963,.,eind nummer,RE1480539,.,eind nummer,RE1231502,.,eind nummer,RE1413975,.,eind nummer,RE1360080,.,eind nummer,RE1913076,.,eind nummer,RE1860535,.,eind nummer,RE1334173,.,eind nummer,RE1566979,.,eind nummer,RE1315060,.,eind nummer,RE1602122,.,eind nummer,RE1460989,.,eind nummer,RE1346786,.,eind nummer,RE1724316
.,rol nummer,rol_661,.,rol nummer,rol_662,.,rol nummer,rol_663,.,rol nummer,rol_664,.,rol nummer,rol_665,.,rol nummer,rol_666,.,rol nummer,rol_667,.,rol nummer,rol_668,.,rol nummer,rol_669,.,rol nummer,rol_670,.,rol nummer,rol_671,.,rol nummer,rol_672,.,rol nummer,rol_673,.,rol nummer,rol_674,.,rol nummer,rol_675
.,begin nummer,RE1616769,.,begin nummer,RE1353847,.,begin nummer,RE1264516,.,begin nummer,RE1866129,.,begin nummer,RE1592373,.,begin nummer,RE1909770,.,begin nummer,RE1869669,.,begin nummer,RE1788610,.,begin nummer,RE1456820,.,begin nummer,RE1809919,.,begin nummer,RE1661538,.,begin nummer,RE1789985,.,begin nummer,RE1296468,.,begin nummer,RE1495823,.,begin nummer,RE1834114
.,eind nummer,RE1966747,.,eind nummer,RE1855532,.,eind nummer,RE1967134,.,eind nummer,RE1264634,.,eind nummer,RE1345154,.,eind nummer,RE1706307,.,eind nummer,RE1395151,.,eind nummer,RE1771876,.,eind nummer,RE1967077,.,eind nummer,RE1235239,.,eind nummer,RE1576566,.,eind nummer,RE1183982,.,eind nummer,RE1963954,.,eind nummer,RE1469747,.,eind nummer,RE1187554
.,rol nummer,rol_676,.,rol nummer,rol_677,.,rol nummer,rol_678,.,rol nummer,rol_679,.,rol nummer,rol_680,.,rol nummer,rol_681,.,rol nummer,rol_682,.,rol nummer,rol_683,.,rol nummer,rol_684,.,rol nummer,rol_685,.,rol nummer,rol_686,.,rol nummer,rol_687,.,rol nummer,rol_688,.,rol nummer,rol_689,.,rol nummer,rol_690
.,begin nummer,RE1504412,.,begin nummer,RE1980721,.,begin nummer,RE1375648,.,begin nummer,RE1504099,.,begin nummer,RE1650385,.,begin nummer,RE1626467,.,begin nummer,RE1860136,.,begin nummer,RE1746221,.,begin nummer,RE1467476,.,begin nummer,RE1831799,.,begin nummer,RE1578960,.,begin nummer,RE1954972,.,begin nummer,RE1921378,.,begin nummer,RE1469473,.,begin nummer,RE1316655
.,eind nummer,RE1328735,.,eind nummer,RE1976952,.,eind nummer,RE1812705,.,eind nummer,RE1388733,.,eind nummer,RE1757707,.,eind nummer,RE1620077,.,eind nummer,RE1731696,.,eind nummer,RE1392230,.,eind nummer,RE1469022,.,eind nummer,RE1856338,.,eind nummer,RE1700354,.,eind nummer,RE1537547,.,eind nummer,RE1465232,.,eind nummer,RE1684710,.,eind nummer,RE1708910
.,rol nummer,rol_691,.,rol nummer,rol_692,.,rol nummer,rol_693,.,rol nummer,rol_694,.,rol nummer,rol_695,.,rol nummer,rol_696,.,rol nummer,rol_697,.,rol nummer,rol_698,.,rol nummer,rol_699,.,rol nummer,rol_700,.,rol nummer,rol_701,.,rol nummer,rol_702,.,rol nummer,rol_703,.,rol nummer,rol_704,.,rol nummer,rol_705
.,begin nummer,RE1741856,.,begin nummer,RE1426387,.,begin nummer,RE1722925,.,begin nummer,RE1916767,.,begin nummer,RE1208060,.,begin nummer,RE1471547,.,begin nummer,RE1474536,.,begin nummer,RE1668947,.,begin nummer,RE1320672,.,begin nummer,RE1512362,.,begin nummer,RE1826096,.,begin nummer,RE1535733,.,begin nummer,RE1232118,.,begin nummer,RE1334858,.,begin nummer,RE1789517
.,eind nummer,RE1755610,.,eind nummer,RE1470906,.,eind nummer,RE1518983,.,eind nummer,RE1848615,.,eind nummer,RE1652296,.,eind nummer,RE1936470,.,eind nummer,RE1843235,.,eind nummer,RE1924427,.,eind nummer,RE1160715,.,eind nummer,RE1435390,.,eind nummer,RE1317886,.,eind nummer,RE1690292,.,eind nummer,RE1996257,.,eind nummer,RE1605624,.,eind nummer,RE1416721
.,rol nummer,rol_706,.,rol nummer,rol_707,.,rol nummer,rol_708,.,rol nummer,rol_709,.,rol nummer,rol_710,.,rol nummer,rol_711,.,rol nummer,rol_712,.,rol nummer,rol_713,.,rol nummer,rol_714,.,rol nummer,rol_715,.,rol nummer,rol_716,.,rol nummer,rol_717,.,rol nummer,rol_718,.,rol nummer,rol_719,.,rol nummer,rol_720
.,begin nummer,RE1706588,.,begin nummer,RE1307121,.,begin nummer,RE1577584,.,begin nummer,RE1536064,.,begin nummer,RE1407064,.,begin nummer,RE1778264,.,begin nummer,RE1660298,.,begin nummer,RE1568759,.,begin nummer,RE1468080,.,begin nummer,RE1741371,.,begin nummer,RE1713578,.,begin nummer,RE1880837,.,begin nummer,RE1413790,.,begin nummer,RE1789516,.,begin nummer,RE1474305
.,eind nummer,RE1479288,.,eind nummer,RE1270954,.,eind nummer,RE1404129,.,eind nummer,RE1735677,.,eind nummer,RE1241097,.,eind nummer,RE1739194,.,eind nummer,RE1192856,.,eind nummer,RE1954287,.,eind nummer,RE1932341,.,eind nummer,RE1708348,.,eind nummer,RE1547347,.,eind nummer,RE1827564,.,eind nummer,RE1788252,.,eind nummer,RE1450089,.,eind nummer,RE1793174
.,rol nummer,rol_721,.,rol nummer,rol_722,.,rol nummer,rol_723,.,rol nummer,rol_724,.,rol nummer,rol_725,.,rol nummer,rol_726,.,rol nummer,rol_727,.,rol nummer,rol_728,.,rol nummer,rol_729,.,rol nummer,rol_730,.,rol nummer,rol_731,.,rol nummer,rol_732,.,rol nummer,rol_733,.,rol nummer,rol_734,.,rol nummer,rol_735
.,begin nummer,RE1581349,.,begin nummer,RE1719283,.,begin nummer,RE1874910,.,begin nummer,RE1971771,.,begin nummer,RE1856767,.,begin nummer,RE1425664,.,begin nummer,RE1938555,.,begin nummer,RE1611604,.,begin nummer,RE1955186,.,begin nummer,RE1330406,.,begin nummer,RE1769489,.,begin nummer,RE1518239,.,begin nummer,RE1467965,.,begin nummer,RE1923982,.,begin nummer,RE1856675
.,eind nummer,RE1462813,.,eind nummer,RE1269385,.,eind nummer,RE1924673,.,eind nummer,RE1725250,.,eind nummer,RE1766928,.,eind nummer,RE1635446,.,eind nummer,RE1988799,.,eind nummer,RE1439199,.,eind nummer,RE1393756,.,eind nummer,RE1728809,.,eind nummer,RE1790283,.,eind nummer,RE1955991,.,eind nummer,RE1780766,.,eind nummer,RE1842699,.,eind nummer,RE1812227
.,rol nummer,rol_736,.,rol nummer,rol_737,.,rol nummer,rol_738,.,rol nummer,rol_739,.,rol nummer,rol_740,.,rol nummer,rol_741,.,rol nummer,rol_742,.,rol nummer,rol_743,.,rol nummer,rol_744,.,rol nummer,rol_745,.,rol nummer,rol_746,.,rol nummer,rol_747,.,rol nummer,rol_748,.,rol nummer,rol_749,.,rol nummer,rol_750
.,begin nummer,RE1700132,.,begin nummer,RE1718747,.,begin nummer,RE1649733,.,begin nummer,RE1616974,.,begin nummer,RE1989578,.,begin nummer,RE1714706,.,begin nummer,RE1518668,.,begin nummer,RE1832078,.,begin nummer,RE1995840,.,begin nummer,RE1617212,.,begin nummer,RE1751295,.,begin nummer,RE1302461,.,begin nummer,RE1783552,.,begin nummer,RE1875760,.,begin nummer,RE1954224
.,eind nummer,RE1731757,.,eind nummer,RE1653498,.,eind nummer,RE1563620,.,eind nummer,RE1827037,.,eind nummer,RE1975998,.,eind nummer,RE1930559,.,eind nummer,RE1955757,.,eind nummer,RE1975699,.,eind nummer,RE1561745,.,eind nummer,RE1810658,.,eind nummer,RE1287878,.,eind nummer,RE1761080,.,eind nummer,RE1915523,.,eind nummer,RE1402009,.,eind nummer,RE1634906
.,rol nummer,rol_751,.,rol nummer,rol_752,.,rol nummer,rol_753,.,rol nummer,rol_754,.,rol nummer,rol_755,.,rol nummer,rol_756,.,rol nummer,rol_757,.,rol nummer,rol_758,.,rol nummer,rol_759,.,rol nummer,rol_760,.,rol nummer,rol_761,.,rol nummer,rol_762,.,rol nummer,rol_763,.,rol nummer,rol_764,.,rol nummer,rol_765
.,begin nummer,RE1474398,.,begin nummer,RE1610805,.,begin nummer,RE1551500,.,begin nummer,RE1981758,.,begin nummer,RE1437697,.,begin nummer,RE1888192,.,begin nummer,RE1446879,.,begin nummer,RE1375280,.,begin nummer,RE1900562,.,begin nummer,RE1613473,.,begin nummer,RE1426908,.,begin nummer,RE1881244,.,begin nummer,RE1775789,.,begin nummer,RE1575729,.,begin nummer,RE1893993
.,eind nummer,RE1957114,.,eind nummer,RE1422507,.,eind nummer,RE1946552,.,eind nummer,RE1541832,.,eind nummer,RE1855992,.,eind nummer,RE1987334,.,eind nummer,RE1984533,.,eind nummer,RE1322270,.,eind nummer,RE1826495,.,eind nummer,RE1348026,.,eind nummer,RE1700209,.,eind nummer,RE1932834,.,eind nummer,RE1758907,.,eind nummer,RE1685764,.,eind nummer,RE1598745
.,rol nummer,rol_766,.,rol nummer,rol_767,.,rol nummer,rol_768,.,rol nummer,rol_769,.,rol nummer,rol_770,.,rol nummer,rol_771,.,rol nummer,rol_772,.,rol nummer,rol_773,.,rol nummer,rol_774,.,rol nummer,rol_775,.,rol nummer,rol_776,.,rol nummer,rol_777,.,rol nummer,rol_778,.,rol nummer,rol_779,.,rol nummer,rol_780
.,begin nummer,RE1821244,.,begin nummer,RE1605796,.,begin nummer,RE1456253,.,begin nummer,RE1655790,.,begin nummer,RE1943876,.,begin nummer,RE1755495,.,begin nummer,RE1761622,.,begin nummer,RE1422937,.,begin nummer,RE1506209,.,begin nummer,RE1634643,.,begin nummer,RE1989368,.,begin nummer,RE1664640,.,begin nummer,RE1918898,.,begin nummer,RE1859023,.,begin nummer,RE1876200
.,eind nummer,RE1709820,.,eind nummer,RE1498571,.,eind nummer,RE1296542,.,eind nummer,RE1831082,.,eind nummer,RE1342678,.,eind nummer,RE1570511,.,eind nummer,RE1908935,.,eind nummer,RE1968958,.,eind nummer,RE1491419,.,eind nummer,RE1786196,.,eind nummer,RE1824080,.,eind nummer,RE1686780,.,eind nummer,RE1804473,.,eind nummer,RE1561018,.,eind nummer,RE1966549
.,rol nummer,rol_781,.,rol nummer,rol_782,.,rol nummer,rol_783,.,rol nummer,rol_784,.,rol nummer,rol_785,.,rol nummer,rol_786,.,rol nummer,rol_787,.,rol nummer,rol_788,.,rol nummer,rol_789,.,rol nummer,rol_790,.,rol nummer,rol_791,.,rol nummer,rol_792,.,rol nummer,rol_793,.,rol nummer,rol_794,.,rol nummer,rol_795
.,begin nummer,RE1576813,.,begin nummer,RE1562776,.,begin nummer,RE1833305,.,begin nummer,RE1602486,.,begin nummer,RE1779041,.,begin nummer,RE1895919,.,begin nummer,RE1890615,.,begin nummer,RE1939975,.,begin nummer,RE1496211,.,begin nummer,RE1786536,.,begin nummer,RE1667984,.,begin nummer,RE1985232,.,begin nummer,RE1654270,.,begin nummer,RE1921253,.,begin nummer,RE1614359
.,eind nummer,RE1978591,.,eind nummer,RE1683210,.,eind nummer,RE1781231,.,eind nummer,RE1945435,.,eind nummer,RE1731995,.,eind nummer,RE1723384,.,eind nummer,RE1760950,.,eind nummer,RE1924906,.,eind nummer,RE1874825,.,eind nummer,RE1978184,.,eind nummer,RE1661366,.,eind nummer,RE1743901,.,eind nummer,RE1558368,.,eind nummer,RE1779529,.,eind nummer,RE1873239
.,rol nummer,rol_796,.,rol nummer,rol_797,.,rol nummer,rol_798,.,rol nummer,rol_799,.,rol nummer,rol_800,.,rol nummer,rol_801,.,rol nummer,rol_802,.,rol nummer,rol_803,.,rol nummer,rol_804,.,rol nummer,rol_805,.,rol nummer,rol_806,.,rol nummer,rol_807,.,rol nummer,rol_808,.,rol nummer,rol_809,.,rol nummer,rol_810
.,begin nummer,RE1981210,.,begin nummer,RE1913393,.,begin nummer,RE1896850,.,begin nummer,RE1937329,.,begin nummer,RE1726489,.,begin nummer,RE2004900,.,begin nummer,RE2023009,.,begin nummer,RE2947192,.,begin nummer,RE2048837,.,begin nummer,RE2931222,.,begin nummer,RE2492557,.,begin nummer,RE2301373,.,begin nummer,RE2269747,.,begin nummer,RE2004450,.,begin nummer,RE2038272
.,eind nummer,RE1672655,.,eind nummer,RE1697556,.,eind nummer,RE1850593,.,eind nummer,RE1932204,.,eind nummer,RE1992075,.,eind nummer,RE2015259,.,eind nummer,RE2074772,.,eind nummer,RE2014049,.,eind nummer,RE2008530,.,eind nummer,RE2014638,.,eind nummer,RE2714567,.,eind nummer,RE2369712,.,eind nummer,RE2019140,.,eind nummer,RE2004750,.,eind nummer,RE2020213
.,rol nummer,rol_811,.,rol nummer,rol_812,.,rol nummer,rol_813,.,rol nummer,rol_814,.,rol nummer,rol_815,.,rol nummer,rol_816,.,rol nummer,rol_817,.,rol nummer,rol_818,.,rol nummer,rol_819,.,rol nummer,rol_820,.,rol nummer,rol_821,.,rol nummer,rol_822,.,rol nummer,rol_823,.,rol nummer,rol_824,.,rol nummer,rol_825
.,begin nummer,RE2575533,.,begin nummer,RE2026342,.,begin nummer,RE2382569,.,begin nummer,RE2416577,.,begin nummer,RE2011793,.,begin nummer,RE2134533,.,begin nummer,RE2001913,.,begin nummer,RE2288443,.,begin nummer,RE2178718,.,begin nummer,RE2357864,.,begin nummer,RE2013127,.,begin nummer,RE2656483,.,begin nummer,RE2788783,.,begin nummer,RE2103753,.,begin nummer,RE2254054
.,eind nummer,RE2974326,.,eind nummer,RE2175594,.,eind nummer,RE2921282,.,eind nummer,RE2204793,.,eind nummer,RE2537773,.,eind nummer,RE2312132,.,eind nummer,RE2268875,.,eind nummer,RE2056736,.,eind nummer,RE2630469,.,eind nummer,RE2117643,.,eind nummer,RE2597364,.,eind nummer,RE2419473,.,eind nummer,RE2012342,.,eind nummer,RE2821634,.,eind nummer,RE2442288
.,rol nummer,rol_826,.,rol nummer,rol_827,.,rol nummer,rol_828,.,rol nummer,rol_829,.,rol nummer,rol_830,.,rol nummer,rol_831,.,rol nummer,rol_832,.,rol nummer,rol_833,.,rol nummer,rol_834,.,rol nummer,rol_835,.,rol nummer,rol_836,.,rol nummer,rol_837,.,rol nummer,rol_838,.,rol nummer,rol_839,.,rol nummer,rol_840
.,begin nummer,RE2075049,.,begin nummer,RE2051616,.,begin nummer,RE2610496,.,begin nummer,RE2024912,.,begin nummer,RE2010966,.,begin nummer,RE2244783,.,begin nummer,RE2010779,.,begin nummer,RE2252591,.,begin nummer,RE2004753,.,begin nummer,RE2030346,.,begin nummer,RE2866756,.,begin nummer,RE2879432,.,begin nummer,RE2021340,.,begin nummer,RE2649988,.,begin nummer,RE2550044
.,eind nummer,RE2701080,.,eind nummer,RE2229539,.,eind nummer,RE2120244,.,eind nummer,RE2008638,.,eind nummer,RE2735350,.,eind nummer,RE2626655,.,eind nummer,RE2142790,.,eind nummer,RE2783588,.,eind nummer,RE2008958,.,eind nummer,RE2460977,.,eind nummer,RE2421625,.,eind nummer,RE2283377,.,eind nummer,RE2871104,.,eind nummer,RE2186509,.,eind nummer,RE2666795
.,rol nummer,rol_841,.,rol nummer,rol_842,.,rol nummer,rol_843,.,rol nummer,rol_844,.,rol nummer,rol_845,.,rol nummer,rol_846,.,rol nummer,rol_847,.,rol nummer,rol_848,.,rol nummer,rol_849,.,rol nummer,rol_850,.,rol nummer,rol_851,.,rol nummer,rol_852,.,rol nummer,rol_853,.,rol nummer,rol_854,.,rol nummer,rol_855
.,begin nummer,RE2364134,.,begin nummer,RE2343053,.,begin nummer,RE2104066,.,begin nummer,RE2111591,.,begin nummer,RE2689719,.,begin nummer,RE2985460,.,begin nummer,RE2106342,.,begin nummer,RE2406023,.,begin nummer,RE2411011,.,begin nummer,RE2663291,.,begin nummer,RE2207813,.,begin nummer,RE2342074,.,begin nummer,RE2152115,.,begin nummer,RE2506957,.,begin nummer,RE2027425
.,eind nummer,RE2287816,.,eind nummer,RE2925198,.,eind nummer,RE2275544,.,eind nummer,RE2451979,.,eind nummer,RE2169201,.,eind nummer,RE2710334,.,eind nummer,RE2116335,.,eind nummer,RE2043860,.,eind nummer,RE2712833,.,eind nummer,RE2034926,.,eind nummer,RE2018116,.,eind nummer,RE2944821,.,eind nummer,RE2267147,.,eind nummer,RE2202890,.,eind nummer,RE2710488
.,rol nummer,rol_856,.,rol nummer,rol_857,.,rol nummer,rol_858,.,rol nummer,rol_859,.,rol nummer,rol_860,.,rol nummer,rol_861,.,rol nummer,rol_862,.,rol nummer,rol_863,.,rol nummer,rol_864,.,rol nummer,rol_865,.,rol nummer,rol_866,.,rol nummer,rol_867,.,rol nummer,rol_868,.,rol nummer,rol_869,.,rol nummer,rol_870
.,begin nummer,RE2024275,.,begin nummer,RE2392219,.,begin nummer,RE2318580,.,begin nummer,RE2641989,.,begin nummer,RE2321379,.,begin nummer,RE2679515,.,begin nummer,RE2888037,.,begin nummer,RE2675643,.,begin nummer,RE2510066,.,begin nummer,RE2044010,.,begin nummer,RE2025995,.,begin nummer,RE2167501,.,begin nummer,RE2402358,.,begin nummer,RE2013583,.,begin nummer,RE2833902
.,eind nummer,RE2309981,.,eind nummer,RE2644116,.,eind nummer,RE2086623,.,eind nummer,RE2389321,.,eind nummer,RE2048726,.,eind nummer,RE2956352,.,eind nummer,RE2022960,.,eind nummer,RE2093225,.,eind nummer,RE2627842,.,eind nummer,RE2166991,.,eind nummer,RE2099384,.,eind nummer,RE2574583,.,eind nummer,RE2487278,.,eind nummer,RE2289905,.,eind nummer,RE2614944
.,rol nummer,rol_871,.,rol nummer,rol_872,.,rol nummer,rol_873,.,rol nummer,rol_874,.,rol nummer,rol_875,.,rol nummer,rol_876,.,rol nummer,rol_877,.,rol nummer,rol_878,.,rol nummer,rol_879,.,rol nummer,rol_880,.,rol nummer,rol_881,.,rol nummer,rol_882,.,rol nummer,rol_883,.,rol nummer,rol_884,.,rol nummer,rol_885
.,begin nummer,RE2368371,.,begin nummer,RE2573717,.,begin nummer,RE2129765,.,begin nummer,RE2034388,.,begin nummer,RE2142305,.,begin nummer,RE2045581,.,begin nummer,RE2384619,.,begin nummer,RE2244918,.,begin nummer,RE2352495,.,begin nummer,RE2080457,.,begin nummer,RE2634653,.,begin nummer,RE2501604,.,begin nummer,RE2402828,.,begin nummer,RE2082950,.,begin nummer,RE2539578
.,eind nummer,RE2152149,.,eind nummer,RE2097980,.,eind nummer,RE2399394,.,eind nummer,RE2012265,.,eind nummer,RE2585510,.,eind nummer,RE2708749,.,eind nummer,RE2872229,.,eind nummer,RE2024815,.,eind nummer,RE2484471,.,eind nummer,RE2263351,.,eind nummer,RE2262834,.,eind nummer,RE2256005,.,eind nummer,RE2365580,.,eind nummer,RE2062431,.,eind nummer,RE2651683
.,rol nummer,rol_886,.,rol nummer,rol_887,.,rol nummer,rol_888,.,rol nummer,rol_889,.,rol nummer,rol_890,.,rol nummer,rol_891,.,rol nummer,rol_892,.,rol nummer,rol_893,.,rol nummer,rol_894,.,rol nummer,rol_895,.,rol nummer,rol_896,.,rol nummer,rol_897,.,rol nummer,rol_898,.,rol nummer,rol_899,.,rol nummer,rol_900
.,begin nummer,RE2393351,.,begin nummer,RE2506951,.,begin nummer,RE2322861,.,begin nummer,RE2779248,.,begin nummer,RE2054697,.,begin nummer,RE2055642,.,begin nummer,RE2769965,.,begin nummer,RE2053608,.,begin nummer,RE2194871,.,begin nummer,RE2805954,.,begin nummer,RE2160899,.,begin nummer,RE2303314,.,begin nummer,RE2078405,.,begin nummer,RE2999049,.,begin nummer,RE2324167
.,eind nummer,RE2356232,.,eind nummer,RE2160113,.,eind nummer,RE2166347,.,eind nummer,RE2809690,.,eind nummer,RE2962047,.,eind nummer,RE2680176,.,eind nummer,RE2570684,.,eind nummer,RE2844077,.,eind nummer,RE2623403,.,eind nummer,RE2102925,.,eind nummer,RE2463053,.,eind nummer,RE2160089,.,eind nummer,RE2388440,.,eind nummer,RE2327538,.,eind nummer,RE2988127
.,rol nummer,rol_901,.,rol nummer,rol_902,.,rol nummer,rol_903,.,rol nummer,rol_904,.,rol nummer,rol_905,.,rol nummer,rol_906,.,rol nummer,rol_907,.,rol nummer,rol_908,.,rol nummer,rol_909,.,rol nummer,rol_910,.,rol nummer,rol_911,.,rol nummer,rol_912,.,rol nummer,rol_913,.,rol nummer,rol_914,.,rol nummer,rol_915
.,begin nummer,RE2114743,.,begin nummer,RE2055480,.,begin nummer,RE2147095,.,begin nummer,RE2120407,.,begin nummer,RE2531961,.,begin nummer,RE2727269,.,begin nummer,RE2113103,.,begin nummer,RE2084448,.,begin nummer,RE2473880,.,begin nummer,RE2579094,.,begin nummer,RE2293842,.,begin nummer,RE2956902,.,begin nummer,RE2264266,.,begin nummer,RE2611936,.,begin nummer,RE2792395
.,eind nummer,RE2455756,.,eind nummer,RE2047716,.,eind nummer,RE2832784,.,eind nummer,RE2052923,.,eind nummer,RE2067653,.,eind nummer,RE2252029,.,eind nummer,RE2347352,.,eind nummer,RE2170801,.,eind nummer,RE2934532,.,eind nummer,RE2745760,.,eind nummer,RE2076447,.,eind nummer,RE2505348,.,eind nummer,RE2841838,.,eind nummer,RE2443559,.,eind nummer,RE2068770
.,rol nummer,rol_916,.,rol nummer,rol_917,.,rol nummer,rol_918,.,rol nummer,rol_919,.,rol nummer,rol_920,.,rol nummer,rol_921,.,rol nummer,rol_922,.,rol nummer,rol_923,.,rol nummer,rol_924,.,rol nummer,rol_925,.,rol nummer,rol_926,.,rol nummer,rol_927,.,rol nummer,rol_928,.,rol nummer,rol_929,.,rol nummer,rol_930
.,begin nummer,RE2697788,.,begin nummer,RE2448324,.,begin nummer,RE2548277,.,begin nummer,RE2554297,.,begin nummer,RE2674752,.,begin nummer,RE2415217,.,begin nummer,RE2533460,.,begin nummer,RE2043852,.,begin nummer,RE2395001,.,begin nummer,RE2453859,.,begin nummer,RE2078665,.,begin nummer,RE2247428,.,begin nummer,RE2263734,.,begin nummer,RE2336181,.,begin nummer,RE2078953
.,eind nummer,RE2085123,.,eind nummer,RE2193360,.,eind nummer,RE2905087,.,eind nummer,RE2414198,.,eind nummer,RE2856556,.,eind nummer,RE2086680,.,eind nummer,RE2580441,.,eind nummer,RE2794519,.,eind nummer,RE2207064,.,eind nummer,RE2530935,.,eind nummer,RE2608979,.,eind nummer,RE2476642,.,eind nummer,RE2937005,.,eind nummer,RE2635580,.,eind nummer,RE2035959
.,rol nummer,rol_931,.,rol nummer,rol_932,.,rol nummer,rol_933,.,rol nummer,rol_934,.,rol nummer,rol_935,.,rol nummer,rol_936,.,rol nummer,rol_937,.,rol nummer,rol_938,.,rol nummer,rol_939,.,rol nummer,rol_940,.,rol nummer,rol_941,.,rol nummer,rol_942,.,rol nummer,rol_943,.,rol nummer,rol_944,.,rol nummer,rol_945
.,begin nummer,RE2736673,.,begin nummer,RE2733778,.,begin nummer,RE2567980,.,begin nummer,RE2264623,.,begin nummer,RE2109084,.,begin nummer,RE2771231,.,begin nummer,RE2067752,.,begin nummer,RE2875774,.,begin nummer,RE2692359,.,begin nummer,RE2586575,.,begin nummer,RE2047332,.,begin nummer,RE2676795,.,begin nummer,RE2412404,.,begin nummer,RE2048998,.,begin nummer,RE2460617
.,eind nummer,RE2481448,.,eind nummer,RE2041888,.,eind nummer,RE2922832,.,eind nummer,RE2241681,.,eind nummer,RE2765049,.,eind nummer,RE2130530,.,eind nummer,RE2368110,.,eind nummer,RE2057855,.,eind nummer,RE2321768,.,eind nummer,RE2053953,.,eind nummer,RE2236122,.,eind nummer,RE2171637,.,eind nummer,RE2202124,.,eind nummer,RE2598469,.,eind nummer,RE2146521
.,rol nummer,rol_946,.,rol nummer,rol_947,.,rol nummer,rol_948,.,rol nummer,rol_949,.,rol nummer,rol_950,.,rol nummer,rol_951,.,rol nummer,rol_952,.,rol nummer,rol_953,.,rol nummer,rol_954,.,rol nummer,rol_955,.,rol nummer,rol_956,.,rol nummer,rol_957,.,rol nummer,rol_958,.,rol nummer,rol_959,.,rol nummer,rol_960
.,begin nummer,RE2093957,.,begin nummer,RE2539124,.,begin nummer,RE2656041,.,begin nummer,RE2318401,.,begin nummer,RE2094913,.,begin nummer,RE2647928,.,begin nummer,RE2192835,.,begin nummer,RE2449793,.,begin nummer,RE2061503,.,begin nummer,RE2567627,.,begin nummer,RE2585055,.,begin nummer,RE2758391,.,begin nummer,RE2075798,.,begin nummer,RE2628566,.,begin nummer,RE2753520
.,eind nummer,RE2458099,.,eind nummer,RE2137638,.,eind nummer,RE2495601,.,eind nummer,RE2132587,.,eind nummer,RE2733411,.,eind nummer,RE2538754,.,eind nummer,RE2065025,.,eind nummer,RE2636716,.,eind nummer,RE2223319,.,eind nummer,RE2586178,.,eind nummer,RE2377569,.,eind nummer,RE2607233,.,eind nummer,RE2803902,.,eind nummer,RE2172544,.,eind nummer,RE2204534
.,rol nummer,rol_961,.,rol nummer,rol_962,.,rol nummer,rol_963,.,rol nummer,rol_964,.,rol nummer,rol_965,.,rol nummer,rol_966,.,rol nummer,rol_967,.,rol nummer,rol_968,.,rol nummer,rol_969,.,rol nummer,rol_970,.,rol nummer,rol_971,.,rol nummer,rol_972,.,rol nummer,rol_973,.,rol nummer,rol_974,.,rol nummer,rol_975
.,begin nummer,RE2125001,.,begin nummer,RE2571159,.,begin nummer,RE2566022,.,begin nummer,RE2462600,.,begin nummer,RE2758829,.,begin nummer,RE2545519,.,begin nummer,RE2746226,.,begin nummer,RE2183054,.,begin nummer,RE2276938,.,begin nummer,RE2808413,.,begin nummer,RE2323894,.,begin nummer,RE2151727,.,begin nummer,RE2794025,.,begin nummer,RE2191070,.,begin nummer,RE2816123
.,eind nummer,RE2145074,.,eind nummer,RE2087124,.,eind nummer,RE2844519,.,eind nummer,RE2882083,.,eind nummer,RE2127390,.,eind nummer,RE2393174,.,eind nummer,RE2082659,.,eind nummer,RE2837049,.,eind nummer,RE2546462,.,eind nummer,RE2382672,.,eind nummer,RE2951753,.,eind nummer,RE2421236,.,eind nummer,RE2706674,.,eind nummer,RE2306723,.,eind nummer,RE2093869
.,rol nummer,rol_976,.,rol nummer,rol_977,.,rol nummer,rol_978,.,rol nummer,rol_979,.,rol nummer,rol_980,.,rol nummer,rol_981,.,rol nummer,rol_982,.,rol nummer,rol_983,.,rol nummer,rol_984,.,rol nummer,rol_985,.,rol nummer,rol_986,.,rol nummer,rol_987,.,rol nummer,rol_988,.,rol nummer,rol_989,.,rol nummer,rol_990
.,begin nummer,RE2338891,.,begin nummer,RE2270447,.,begin nummer,RE2113963,.,begin nummer,RE2374971,.,begin nummer,RE2146116,.,begin nummer,RE2132523,.,begin nummer,RE2523210,.,begin nummer,RE2751540,.,begin nummer,RE2792002,.,begin nummer,RE2217002,.,begin nummer,RE2377544,.,begin nummer,RE2448020,.,begin nummer,RE2167737,.,begin nummer,RE2459405,.,begin nummer,RE2427170
.,eind nummer,RE2326125,.,eind nummer,RE2444191,.,eind nummer,RE2687417,.,eind nummer,RE2115041,.,eind nummer,RE2779222,.,eind nummer,RE2510883,.,eind nummer,RE2529095,.,eind nummer,RE2967268,.,eind nummer,RE2252240,.,eind nummer,RE2814567,.,eind nummer,RE2414106,.,eind nummer,RE2089760,.,eind nummer,RE2147419,.,eind nummer,RE2571771,.,eind nummer,RE2614383
.,rol nummer,rol_991,.,rol nummer,rol_992,.,rol nummer,rol_993,.,rol nummer,rol_994,.,rol nummer,rol_995,.,rol nummer,rol_996,.,rol nummer,rol_997,.,rol nummer,rol_998,.,rol nummer,rol_999,.,rol nummer,rol_1000,.,rol nummer,rol_1001,.,rol nummer,rol_1002,.,rol nummer,rol_1003,.,rol nummer,rol_1004,.,rol nummer,rol_1005
.,begin nummer,RE2779154,.,begin nummer,RE2287886,.,begin nummer,RE2156247,.,begin nummer,RE2872650,.,begin nummer,RE2084744,.,begin nummer,RE2454488,.,begin nummer,RE2364603,.,begin nummer,RE2791941,.,begin nummer,RE2558218,.,begin nummer,RE2979426,.,begin nummer,RE2530701,.,begin nummer,RE2289948,.,begin nummer,RE2309879,.,begin nummer,RE2221541,.,begin nummer,RE2089771
.,eind nummer,RE2105078,.,eind nummer,RE2447261,.,eind nummer,RE2996255,.,eind nummer,RE2229066,.,eind nummer,RE2364935,.,eind nummer,RE2864452,.,eind nummer,RE2282364,.,eind nummer,RE2456271,.,eind nummer,RE2457680,.,eind nummer,RE2359885,.,eind nummer,RE2433858,.,eind nummer,RE2751077,.,eind nummer,RE2366214,.,eind nummer,RE2096643,.,eind nummer,RE2629035
.,rol nummer,rol_1006,.,rol nummer,rol_1007,.,rol nummer,rol_1008,.,rol nummer,rol_1009,.,rol nummer,rol_1010,.,rol nummer,rol_1011,.,rol nummer,rol_1012,.,rol nummer,rol_1013,.,rol nummer,rol_1014,.,rol nummer,rol_1015,.,rol nummer,rol_1016,.,rol nummer,rol_1017,.,rol nummer,rol_1018,.,rol nummer,rol_1019,.,rol nummer,rol_1020
.,begin nummer,RE2962009,.,begin nummer,RE2728904,.,begin nummer,RE2738171,.,begin nummer,RE2405153,.,begin nummer,RE2332082,.,begin nummer,RE2704105,.,begin nummer,RE2724226,.,begin nummer,RE2174405,.,begin nummer,RE2595928,.,begin nummer,RE2896677,.,begin nummer,RE2614764,.,begin nummer,RE2132185,.,begin nummer,RE2829642,.,begin nummer,RE2250360,.,begin nummer,RE2717234
.,eind nummer,RE2329403,.,eind nummer,RE2071411,.,eind nummer,RE2573824,.,eind nummer,RE2973297,.,eind nummer,RE2263205,.,eind nummer,RE2151322,.,eind nummer,RE2713573,.,eind nummer,RE2584494,.,eind nummer,RE2063518,.,eind nummer,RE2110973,.,eind nummer,RE2516446,.,eind nummer,RE2424843,.,eind nummer,RE2665729,.,eind nummer,RE2970893,.,eind nummer,RE2957358
.,rol nummer,rol_1021,.,rol nummer,rol_1022,.,rol nummer,rol_1023,.,rol nummer,rol_1024,.,rol nummer,rol_1025,.,rol nummer,rol_1026,.,rol nummer,rol_1027,.,rol nummer,rol_1028,.,rol nummer,rol_1029,.,rol nummer,rol_1030,.,rol nummer,rol_1031,.,rol nummer,rol_1032,.,rol nummer,rol_1033,.,rol nummer,rol_1034,.,rol nummer,rol_1035
.,begin nummer,RE2352478,.,begin nummer,RE2494456,.,begin nummer,RE2658317,.,begin nummer,RE2561928,.,begin nummer,RE2275414,.,begin nummer,RE2747751,.,begin nummer,RE2974946,.,begin nummer,RE2870866,.,begin nummer,RE2320094,.,begin nummer,RE2678777,.,begin nummer,RE2761890,.,begin nummer,RE2363067,.,begin nummer,RE2178493,.,begin nummer,RE2180558,.,begin nummer,RE2562577
.,eind nummer,RE2744944,.,eind nummer,RE2089592,.,eind nummer,RE2659537,.,eind nummer,RE2616042,.,eind nummer,RE2999724,.,eind nummer,RE2153207,.,eind nummer,RE2375566,.,eind nummer,RE2701482,.,eind nummer,RE2929458,.,eind nummer,RE2150612,.,eind nummer,RE2988380,.,eind nummer,RE2641535,.,eind nummer,RE2390365,.,eind nummer,RE2240320,.,eind nummer,RE2578473
.,rol nummer,rol_1036,.,rol nummer,rol_1037,.,rol nummer,rol_1038,.,rol nummer,rol_1039,.,rol nummer,rol_1040,.,rol nummer,rol_1041,.,rol nummer,rol_1042,.,rol nummer,rol_1043,.,rol nummer,rol_1044,.,rol nummer,rol_1045,.,rol nummer,rol_1046,.,rol nummer,rol_1047,.,rol nummer,rol_1048,.,rol nummer,rol_1049,.,rol nummer,rol_1050
.,begin nummer,RE2206378,.,begin nummer,RE2255065,.,begin nummer,RE2799864,.,begin nummer,RE2328560,.,begin nummer,RE2333269,.,begin nummer,RE2252641,.,begin nummer,RE2358717,.,begin nummer,RE2505405,.,begin nummer,RE2926629,.,begin nummer,RE2942902,.,begin nummer,RE2228588,.,begin nummer,RE2909213,.,begin nummer,RE2546999,.,begin nummer,RE2301754,.,begin nummer,RE2527076
.,eind nummer,RE2441396,.,eind nummer,RE2917898,.,eind nummer,RE2656437,.,eind nummer,RE2507992,.,eind nummer,RE2366049,.,eind nummer,RE2190426,.,eind nummer,RE2517363,.,eind nummer,RE2300843,.,eind nummer,RE2775361,.,eind nummer,RE2142889,.,eind nummer,RE2828150,.,eind nummer,RE2543081,.,eind nummer,RE2115559,.,eind nummer,RE2364765,.,eind nummer,RE2741712
.,rol nummer,rol_1051,.,rol nummer,rol_1052,.,rol nummer,rol_1053,.,rol nummer,rol_1054,.,rol nummer,rol_1055,.,rol nummer,rol_1056,.,rol nummer,rol_1057,.,rol nummer,rol_1058,.,rol nummer,rol_1059,.,rol nummer,rol_1060,.,rol nummer,rol_1061,.,rol nummer,rol_1062,.,rol nummer,rol_1063,.,rol nummer,rol_1064,.,rol nummer,rol_1065
.,begin nummer,RE2206848,.,begin nummer,RE2681156,.,begin nummer,RE2312207,.,begin nummer,RE2606933,.,begin nummer,RE2850445,.,begin nummer,RE2265126,.,begin nummer,RE2989937,.,begin nummer,RE2751532,.,begin nummer,RE2433764,.,begin nummer,RE2546583,.,begin nummer,RE2377512,.,begin nummer,RE2505679,.,begin nummer,RE2914059,.,begin nummer,RE2695994,.,begin nummer,RE2206459
.,eind nummer,RE2688901,.,eind nummer,RE2860609,.,eind nummer,RE2280289,.,eind nummer,RE2989914,.,eind nummer,RE2418604,.,eind nummer,RE2929493,.,eind nummer,RE2834945,.,eind nummer,RE2672005,.,eind nummer,RE2780271,.,eind nummer,RE2690111,.,eind nummer,RE2199028,.,eind nummer,RE2522423,.,eind nummer,RE2824583,.,eind nummer,RE2847873,.,eind nummer,RE2529529
.,rol nummer,rol_1066,.,rol nummer,rol_1067,.,rol nummer,rol_1068,.,rol nummer,rol_1069,.,rol nummer,rol_1070,.,rol nummer,rol_1071,.,rol nummer,rol_1072,.,rol nummer,rol_1073,.,rol nummer,rol_1074,.,rol nummer,rol_1075,.,rol nummer,rol_1076,.,rol nummer,rol_1077,.,rol nummer,rol_1078,.,rol nummer,rol_1079,.,rol nummer,rol_1080
.,begin nummer,RE2534551,.,begin nummer,RE2974453,.,begin nummer,RE2679695,.,begin nummer,RE2440678,.,begin nummer,RE2885172,.,begin nummer,RE2697541,.,begin nummer,RE2987729,.,begin nummer,RE2980582,.,begin nummer,RE2945851,.,begin nummer,RE2491907,.,begin nummer,RE2354215,.,begin nummer,RE2824301,.,begin nummer,RE2823533,.,begin nummer,RE2510816,.,begin nummer,RE2463394
.,eind nummer,RE2539189,.,eind nummer,RE2139587,.,eind nummer,RE2988945,.,eind nummer,RE2115062,.,eind nummer,RE2663507,.,eind nummer,RE2593332,.,eind nummer,RE2747158,.,eind nummer,RE2395317,.,eind nummer,RE2922218,.,eind nummer,RE2465096,.,eind nummer,RE2584592,.,eind nummer,RE2874923,.,eind nummer,RE2218044,.,eind nummer,RE2388211,.,eind nummer,RE2535850
.,rol nummer,rol_1081,.,rol nummer,rol_1082,.,rol nummer,rol_1083,.,rol nummer,rol_1084,.,rol nummer,rol_1085,.,rol nummer,rol_1086,.,rol nummer,rol_1087,.,rol nummer,rol_1088,.,rol nummer,rol_1089,.,rol nummer,rol_1090,.,rol nummer,rol_1091,.,rol nummer,rol_1092,.,rol nummer,rol_1093,.,rol nummer,rol_1094,.,rol nummer,rol_1095
.,begin nummer,RE2690824,.,begin nummer,RE2144369,.,begin nummer,RE2227826,.,begin nummer,RE2210054,.,begin nummer,RE2634682,.,begin nummer,RE2963599,.,begin nummer,RE2870700,.,begin nummer,RE2416524,.,begin nummer,RE2786372,.,begin nummer,RE2782769,.,begin nummer,RE2551404,.,begin nummer,RE2160340,.,begin nummer,RE2413199,.,begin nummer,RE2841708,.,begin nummer,RE2751574
.,eind nummer,RE2603932,.,eind nummer,RE2687962,.,eind nummer,RE2974964,.,eind nummer,RE2135913,.,eind nummer,RE2700563,.,eind nummer,RE2859854,.,eind nummer,RE2574844,.,eind nummer,RE2426080,.,eind nummer,RE2640089,.,eind nummer,RE2906502,.,eind nummer,RE2649482,.,eind nummer,RE2590279,.,eind nummer,RE2885620,.,eind nummer,RE2770124,.,eind nummer,RE2439968
.,rol nummer,rol_1096,.,rol nummer,rol_1097,.,rol nummer,rol_1098,.,rol nummer,rol_1099,.,rol nummer,rol_1100,.,rol nummer,rol_1101,.,rol nummer,rol_1102,.,rol nummer,rol_1103,.,rol nummer,rol_1104,.,rol nummer,rol_1105,.,rol nummer,rol_1106,.,rol nummer,rol_1107,.,rol nummer,rol_1108,.,rol nummer,rol_1109,.,rol nummer,rol_1110
.,begin nummer,RE2811195,.,begin nummer,RE2353358,.,begin nummer,RE2603292,.,begin nummer,RE2864948,.,begin nummer,RE2511041,.,begin nummer,RE2719969,.,begin nummer,RE2763606,.,begin nummer,RE2756826,.,begin nummer,RE2436005,.,begin nummer,RE2606385,.,begin nummer,RE2572645,.,begin nummer,RE2673127,.,begin nummer,RE2564129,.,begin nummer,RE2150790,.,begin nummer,RE2894495
.,eind nummer,RE2929462,.,eind nummer,RE2800650,.,eind nummer,RE2667986,.,eind nummer,RE2448415,.,eind nummer,RE2749936,.,eind nummer,RE2433910,.,eind nummer,RE2969656,.,eind nummer,RE2246179,.,eind nummer,RE2710553,.,eind nummer,RE2961583,.,eind nummer,RE2811524,.,eind nummer,RE2494647,.,eind nummer,RE2216931,.,eind nummer,RE2569972,.,eind nummer,RE2931127
.,rol nummer,rol_1111,.,rol nummer,rol_1112,.,rol nummer,rol_1113,.,rol nummer,rol_1114,.,rol nummer,rol_1115,.,rol nummer,rol_1116,.,rol nummer,rol_1117,.,rol nummer,rol_1118,.,rol nummer,rol_1119,.,rol nummer,rol_1120,.,rol nummer,rol_1121,.,rol nummer,rol_1122,.,rol nummer,rol_1123,.,rol nummer,rol_1124,.,rol nummer,rol_1125
.,begin nummer,RE2557267,.,begin nummer,RE2730024,.,begin nummer,RE2927417,.,begin nummer,RE2729848,.,begin nummer,RE2982329,.,begin nummer,RE2496516,.,begin nummer,RE2866850,.,begin nummer,RE2936525,.,begin nummer,RE2533167,.,begin nummer,RE2453375,.,begin nummer,RE2791203,.,begin nummer,RE2891858,.,begin nummer,RE2705535,.,begin nummer,RE2593668,.,begin nummer,RE2782786
.,eind nummer,RE2490185,.,eind nummer,RE2338019,.,eind nummer,RE2430544,.,eind nummer,RE2875633,.,eind nummer,RE2599038,.,eind nummer,RE2746969,.,eind nummer,RE2478430,.,eind nummer,RE2911614,.,eind nummer,RE2723785,.,eind nummer,RE2808950,.,eind nummer,RE2760896,.,eind nummer,RE2853194,.,eind nummer,RE2326351,.,eind nummer,RE2989649,.,eind nummer,RE2392466
.,rol nummer,rol_1126,.,rol nummer,rol_1127,.,rol nummer,rol_1128,.,rol nummer,rol_1129,.,rol nummer,rol_1130,.,rol nummer,rol_1131,.,rol nummer,rol_1132,.,rol nummer,rol_1133,.,rol nummer,rol_1134,.,rol nummer,rol_1135,.,rol nummer,rol_1136,.,rol nummer,rol_1137,.,rol nummer,rol_1138,.,rol nummer,rol_1139,.,rol nummer,rol_1140
.,begin nummer,RE2659445,.,begin nummer,RE2770664,.,begin nummer,RE2622069,.,begin nummer,RE2954464,.,begin nummer,RE2433369,.,begin nummer,RE2458005,.,begin nummer,RE2630972,.,begin nummer,RE2459275,.,begin nummer,RE2715451,.,begin nummer,RE2810556,.,begin nummer,RE2463848,.,begin nummer,RE2926897,.,begin nummer,RE2365069,.,begin nummer,RE2794551,.,begin nummer,RE2955154
.,eind nummer,RE2395062,.,eind nummer,RE2811509,.,eind nummer,RE2581571,.,eind nummer,RE2941355,.,eind nummer,RE2694445,.,eind nummer,RE2781071,.,eind nummer,RE2235951,.,eind nummer,RE2325822,.,eind nummer,RE2810492,.,eind nummer,RE2996758,.,eind nummer,RE2907340,.,eind nummer,RE2894887,.,eind nummer,RE2312482,.,eind nummer,RE2906378,.,eind nummer,RE2358240
.,rol nummer,rol_1141,.,rol nummer,rol_1142,.,rol nummer,rol_1143,.,rol nummer,rol_1144,.,rol nummer,rol_1145,.,rol nummer,rol_1146,.,rol nummer,rol_1147,.,rol nummer,rol_1148,.,rol nummer,rol_1149,.,rol nummer,rol_1150,.,rol nummer,rol_1151,.,rol nummer,rol_1152,.,rol nummer,rol_1153,.,rol nummer,rol_1154,.,rol nummer,rol_1155
.,begin nummer,RE2747998,.,begin nummer,RE2513539,.,begin nummer,RE2614361,.,begin nummer,RE2733506,.,begin nummer,RE2894493,.,begin nummer,RE2976361,.,begin nummer,RE2658370,.,begin nummer,RE2641090,.,begin nummer,RE2457987,.,begin nummer,RE2853593,.,begin nummer,RE2746123,.,begin nummer,RE2964971,.,begin nummer,RE2728165,.,begin nummer,RE2355196,.,begin nummer,RE2469503
.,eind nummer,RE2733768,.,eind nummer,RE2884315,.,eind nummer,RE2889628,.,eind nummer,RE2733306,.,eind nummer,RE2483633,.,eind nummer,RE2553592,.,eind nummer,RE2806680,.,eind nummer,RE2975185,.,eind nummer,RE2979273,.,eind nummer,RE2742859,.,eind nummer,RE2610297,.,eind nummer,RE2545102,.,eind nummer,RE2888187,.,eind nummer,RE2931418,.,eind nummer,RE2746789
.,rol nummer,rol_1156,.,rol nummer,rol_1157,.,rol nummer,rol_1158,.,rol nummer,rol_1159,.,rol nummer,rol_1160,.,rol nummer,rol_1161,.,rol nummer,rol_1162,.,rol nummer,rol_1163,.,rol nummer,rol_1164,.,rol nummer,rol_1165,.,rol nummer,rol_1166,.,rol nummer,rol_1167,.,rol nummer,rol_1168,.,rol nummer,rol_1169,.,rol nummer,rol_1170
.,begin nummer,RE2992338,.,begin nummer,RE2782323,.,begin nummer,RE2915605,.,begin nummer,RE2803670,.,begin nummer,RE2457537,.,begin nummer,RE2853230,.,begin nummer,RE2712021,.,begin nummer,RE2807338,.,begin nummer,RE2724455,.,begin nummer,RE2639237,.,begin nummer,RE2366490,.,begin nummer,RE2653733,.,begin nummer,RE2548480,.,begin nummer,RE2582690,.,begin nummer,RE2999854
.,eind nummer,RE2685227,.,eind nummer,RE2401569,.,eind nummer,RE2902178,.,eind nummer,RE2461703,.,eind nummer,RE2632612,.,eind nummer,RE2935942,.,eind nummer,RE2930758,.,eind nummer,RE2919648,.,eind nummer,RE2816307,.,eind nummer,RE2917779,.,eind nummer,RE2776259,.,eind nummer,RE2998655,.,eind nummer,RE2610218,.,eind nummer,RE2498709,.,eind nummer,RE2937976
.,rol nummer,rol_1171,.,rol nummer,rol_1172,.,rol nummer,rol_1173,.,rol nummer,rol_1174,.,rol nummer,rol_1175,.,rol nummer,rol_1176,.,rol nummer,rol_1177,.,rol nummer,rol_1178,.,rol nummer,rol_1179,.,rol nummer,rol_1180,.,rol nummer,rol_1181,.,rol nummer,rol_1182,.,rol nummer,rol_1183,.,rol nummer,rol_1184,.,rol nummer,rol_1185
.,begin nummer,RE2695131,.,begin nummer,RE2979943,.,begin nummer,RE2312303,.,begin nummer,RE2770888,.,begin nummer,RE2973197,.,begin nummer,RE2479353,.,begin nummer,RE2520161,.,begin nummer,RE2698892,.,begin nummer,RE2865224,.,begin nummer,RE2348540,.,begin nummer,RE2856610,.,begin nummer,RE2573789,.,begin nummer,RE2964176,.,begin nummer,RE2771955,.,begin nummer,RE2800000
.,eind nummer,RE2739514,.,eind nummer,RE2586508,.,eind nummer,RE2380369,.,eind nummer,RE2693714,.,eind nummer,RE2677687,.,eind nummer,RE2874021,.,eind nummer,RE2642843,.,eind nummer,RE2952341,.,eind nummer,RE2995530,.,eind nummer,RE2817562,.,eind nummer,RE2946633,.,eind nummer,RE2676854,.,eind nummer,RE2782513,.,eind nummer,RE2901965,.,eind nummer,RE2890348
.,rol nummer,rol_1186,.,rol nummer,rol_1187,.,rol nummer,rol_1188,.,rol nummer,rol_1189,.,rol nummer,rol_1190,.,rol nummer,rol_1191,.,rol nummer,rol_1192,.,rol nummer,rol_1193,.,rol nummer,rol_1194,.,rol nummer,rol_1195,.,rol nummer,rol_1196,.,rol nummer,rol_1197,.,rol nummer,rol_1198,.,rol nummer,rol_1199,.,rol nummer,rol_1200
.,begin nummer,RE2716808,.,begin nummer,RE2584697,.,begin nummer,RE2984748,.,begin nummer,RE2741161,.,begin nummer,RE2705011,.,begin nummer,RE2918032,.,begin nummer,RE2653286,.,begin nummer,RE2622521,.,begin nummer,RE2713605,.,begin nummer,RE2858566,.,begin nummer,RE2900573,.,begin nummer,RE2992135,.,begin nummer,RE2992681,.,begin nummer,RE2894755,.,begin nummer,RE2836094
.,eind nummer,RE2541450,.,eind nummer,RE2603175,.,eind nummer,RE2891799,.,eind nummer,RE2725363,.,eind nummer,RE2967529,.,eind nummer,RE2937443,.,eind nummer,RE2843551,.,eind nummer,RE2691435,.,eind nummer,RE2893125,.,eind nummer,RE2926464,.,eind nummer,RE2941830,.,eind nummer,RE2607577,.,eind nummer,RE2890799,.,eind nummer,RE2776658,.,eind nummer,RE2971180
